Average Household Income Before Taxes,Median Household Income Before Taxes,Average Household Income After Taxes,Median Household Income After Taxes,PostCode
"117,829","101,482","97,714","87,287",M1B
"70,253","56,051","61,559","51,003",M1C
"106,787","87,538","87,898","75,895",M1E
"70,455","58,921","62,213","53,645",M1G
"80,325","65,167","68,435","58,332",M1H
"67,599","49,568","58,858","46,658",M1J
"80,331","68,524","69,513","61,368",M1K
"51,045","39,757","46,194","38,058",M1L
"94,658","75,291","77,040","66,088",M1M
"103,715","73,216","82,242","63,646",M1N
"68,617","57,986","60,703","52,823",M1P
"76,778","62,837","66,343","56,998",M1R
"80,147","68,108","71,025","62,304",M1S
"74,551","58,246","64,886","52,871",M1T
"77,309","62,871","68,190","57,879",M1V
"77,309","62,871","68,190","57,879",M1W
"117,829","101,482","97,714","87,287",M1X
"96,267","74,082","79,794","65,844",M2H
"70,357","56,644","59,852","51,098",M2J
"96,616","67,355","76,983","58,341",M2K
"245,866","90,620","168,106","76,046",M2L
"87,345","61,725","70,555","54,818",M2M
"79,752","56,942","66,362","51,139",M2N
"245,866","90,620","168,106","76,046",M2P
"87,345","61,725","70,555","54,818",M2R
"86,221","65,126","71,835","57,789",M3A
"245,866","90,620","168,106","76,046",M3B
"59,208","48,917","52,914","45,910",M3C
"95,977","69,634","79,185","62,172",M3H
"69,508","56,053","61,524","51,722",M3J
"104,275","77,824","84,171","67,411",M3L
"69,508","56,053","61,524","51,722",M3M
"69,508","56,053","61,524","51,722",M3N
"66,525","51,867","57,242","46,841",M4A
"104,275","77,824","84,171","67,411",M4B
"89,697","74,608","74,266","65,104",M4C
"166,462","100,365","121,388","82,713",M4E
"249,071","126,930","169,558","105,554",M4G
"56,502","46,595","50,262","43,628",M4H
"100,060","81,253","81,962","69,968",M4J
"104,275","77,824","84,171","67,411",M4K
"93,052","72,792","76,188","63,529",M4L
"72,040","61,297","64,824","56,547",M4M
"344,703","151,885","227,374","118,255",M4N
"83,447","61,839","66,491","53,810",M4P
"175,692","80,136","124,099","66,467",M4R
"150,401","80,896","110,037","67,160",M4S
"150,401","80,896","110,037","67,160",M4T
"473,219","119,484","327,638","98,525",M4V
"423,428","114,625","275,010","92,347",M4W
"97,459","61,184","75,976","52,865",M4X
"151,193","93,566","113,252","78,509",M4Y
"77,062","49,252","61,365","44,384",M5A
"89,697","74,608","74,266","65,104",M5B
"89,697","74,608","74,266","65,104",M5C
"77,235","56,366","62,037","49,285",M5E
"100,060","81,253","81,962","69,968",M5H
"104,994","78,479","80,760","65,912",M5J
"100,060","81,253","81,962","69,968",M5K
"252,266","116,672","175,773","98,522",M5M
"93,525","58,003","77,541","52,174",M6A
"82,802","63,778","70,717","57,188",M6B
"70,938","57,780","62,023","53,029",M6E
"79,651","63,479","66,579","55,924",M6G
"108,013","71,812","86,265","63,335",M6J
"60,230","45,696","52,849","42,405",M6L
"62,740","45,211","54,624","42,083",M6M
"102,853","73,547","82,111","63,424",M6N
"91,737","68,996","76,669","60,653",M9L
"92,341","71,584","76,777","63,848",M9M
